<?xml version="1.0" encoding="utf-8" ?>
<Defs>

  <!-- ================================= Mortar ==================================== -->
  
  <ThingDef ParentName="BaseHumanMakeableGun">
    <defName>Mortar_Light_Mortar</defName>
	<label>Light Mortar</label>
	<description>It's a portable light mortar.Damage is weaker than a grenade, but it can shoot farther.</description>
	<graphicData>
	  <texPath>Things/LightMortar</texPath>
	  <graphicClass>Graphic_Single</graphicClass>
	</graphicData>
	<soundInteract>Interact_Rifle</soundInteract>
	<techLevel>Industrial</techLevel>
	<statBases>
      <WorkToMake>20000</WorkToMake>
	    <Mass>14</Mass>
      <RangedWeapon_Cooldown>2.5</RangedWeapon_Cooldown>
	</statBases>
	<costList>
      <Steel>120</Steel>
      <ComponentIndustrial>3</ComponentIndustrial>
	    <Chemfuel>80</Chemfuel>
    </costList>
	<weaponTags>
      <li>GrenadeDestructive</li>
    </weaponTags>
	<recipeMaker>
      <researchPrerequisite>Mortars</researchPrerequisite>
	  <skillRequirements>
        <Crafting>5</Crafting>
      </skillRequirements>
    </recipeMaker>
	<verbs>
      <li>
        <verbClass>Verb_Shoot</verbClass>
		  <hasStandardCommand>true</hasStandardCommand>
          <forceNormalTimeSpeed>false</forceNormalTimeSpeed>
		  <defaultProjectile>Bullet_50mm_Mortar</defaultProjectile>
          <warmupTime>5.0</warmupTime>
          <forcedMissRadius>2.0</forcedMissRadius>
          <requireLineOfSight>false</requireLineOfSight>
          <minRange>9.9</minRange>
          <range>79.9</range>
          <burstShotCount>1</burstShotCount>
          <soundCast>Mortar_LaunchA</soundCast>
		  <soundCastTail>GunTail_Medium</soundCastTail>
          <muzzleFlashScale>14</muzzleFlashScale>
          <targetParams>
            <canTargetLocations>true</canTargetLocations>
          </targetParams>
      </li>
	</verbs>
	<tools>
      <li>
        <label>fist</label>
        <capacities>
          <li>Blunt</li>
        </capacities>
        <power>1</power>
        <cooldownTime>2</cooldownTime>
      </li>
	</tools>
  </ThingDef>
  <ThingDef ParentName="BaseBullet">
    <defName>Bullet_50mm_Mortar</defName>
    <label>50mm Mortar shell</label>
	<graphicData>
      <texPath>Things/50mmMortarshell</texPath>
      <graphicClass>Graphic_Single</graphicClass>
    </graphicData>
	<thingClass>Projectile_Explosive</thingClass>
	<projectile>
	  <flyOverhead>true</flyOverhead>
	  <damageAmountBase>40</damageAmountBase>
      <damageDef>Bomb</damageDef>
      <speed>50</speed>
      <explosionRadius>1.9</explosionRadius>
      <soundHitThickRoof>Artillery_HitThickRoof</soundHitThickRoof>
      <soundExplode>MortarBomb_Explode</soundExplode>
      <soundImpactAnticipate>MortarRound_PreImpact</soundImpactAnticipate>
      <soundAmbient>MortarRound_Ambient</soundAmbient>
    </projectile>
  </ThingDef>
  
</Defs>